<?xml version="1.0" encoding="UTF-8"?>
<beans xmlns="http://www.springframework.org/schema/beans"
	xmlns:xsi="http://www.w3.org/2001/XMLSchema-instance"
	xmlns:aop="http://www.springframework.org/schema/aop"
	xmlns:context="http://www.springframework.org/schema/context"
	xmlns:tx="http://www.springframework.org/schema/tx"
	xmlns:task="http://www.springframework.org/schema/task"
	xmlns:cache="http://www.springframework.org/schema/cache"
	
	xsi:schemaLocation="http://www.springframework.org/schema/task http://www.springframework.org/schema/task/spring-task-3.2.xsd
		http://www.springframework.org/schema/beans http://www.springframework.org/schema/beans/spring-beans-3.2.xsd
		http://www.springframework.org/schema/cache http://www.springframework.org/schema/cache/spring-cache-3.2.xsd
		http://www.springframework.org/schema/tx http://www.springframework.org/schema/tx/spring-tx-3.2.xsd
		http://www.springframework.org/schema/context http://www.springframework.org/schema/context/spring-context-3.2.xsd
		http://www.springframework.org/schema/aop http://www.springframework.org/schema/aop/spring-aop-3.0.xsd">
		
		
		
	<context:annotation-config/>
	<context:component-scan base-package="com.pms.web.service"/>
	<tx:annotation-driven transaction-manager="transactionManager"/>
	
	<bean id="freemarkerConfigFactory" class="org.springframework.ui.freemarker.FreeMarkerConfigurationFactoryBean">
	    <property name="templateLoaderPath" value="/WEB-INF/views/templates/"/>
	</bean>	
	<aop:aspectj-autoproxy />
    <bean id="logAspect" class="com.pms.app.aspect.LoggingAspect" />
    
    

</beans>
