<?xml version="1.0" encoding="UTF-8"?>
<beans xmlns="http://www.springframework.org/schema/beans"
	xmlns:xsi="http://www.w3.org/2001/XMLSchema-instance"
	xmlns:context="http://www.springframework.org/schema/context"
	xsi:schemaLocation="http://www.springframework.org/schema/beans http://www.springframework.org/schema/beans/spring-beans-3.2.xsd
		http://www.springframework.org/schema/context http://www.springframework.org/schema/context/spring-context-3.2.xsd">

<bean class="org.springframework.beans.factory.config.PropertyPlaceholderConfigurer">
<property name="ignoreResourceNotFound" value="true"></property>
  <property name="locations">
	  <list>
		<value>classpath:system-config.properties</value>
		<value>file:${catalina.home}/conf/system-config.properties</value>
		<value>file:${catalina.home}/system-config.properties</value>
		<value>file:${user.home}/system-config.properties</value>
	   </list>
      </property>
</bean>

</beans>
