<?xml version="1.0" encoding="UTF-8"?>
<beans xmlns="http://www.springframework.org/schema/beans"
	xmlns:xsi="http://www.w3.org/2001/XMLSchema-instance"
	xmlns:context="http://www.springframework.org/schema/context"
	xmlns:jdbc="http://www.springframework.org/schema/jdbc"
	xmlns:jee="http://www.springframework.org/schema/jee"
	xmlns:jpa="http://www.springframework.org/schema/data/jpa"
	xmlns:repository="http://www.springframework.org/schema/data/repository"
	xmlns:tx="http://www.springframework.org/schema/tx"
	xmlns:util="http://www.springframework.org/schema/util"
	xsi:schemaLocation="http://www.springframework.org/schema/jee http://www.springframework.org/schema/jee/spring-jee-4.2.xsd
		http://www.springframework.org/schema/jdbc http://www.springframework.org/schema/jdbc/spring-jdbc-4.2.xsd
		http://www.springframework.org/schema/data/repository http://www.springframework.org/schema/data/repository/spring-repository-1.0.xsd
		http://www.springframework.org/schema/beans http://www.springframework.org/schema/beans/spring-beans-4.2.xsd
		http://www.springframework.org/schema/util http://www.springframework.org/schema/util/spring-util-4.2.xsd
		http://www.springframework.org/schema/data/jpa http://www.springframework.org/schema/data/jpa/spring-jpa-1.1.xsd
		http://www.springframework.org/schema/tx http://www.springframework.org/schema/tx/spring-tx-4.2.xsd
		http://www.springframework.org/schema/context http://www.springframework.org/schema/context/spring-context-4.2.xsd">
	<context:component-scan base-package="com.pms.jpa" />
	<jpa:repositories base-package="com.pms.jpa.repositories"/>
	<bean id="entityManagerFactory"
		class="org.springframework.orm.jpa.LocalContainerEntityManagerFactoryBean">
		<property name="dataSource" ref="dataSource" />
		<property name="persistenceXmlLocation" value="classpath:persistence.xml" />
		<property name="persistenceUnitName" value="springJpaPersistenceUnit" />
		<property name="persistenceUnitPostProcessors">
			<list>
				<bean class="org.springframework.data.jpa.support.ClasspathScanningPersistenceUnitPostProcessor">
					<constructor-arg value="com.pms.jpa.entities" />
				</bean>
			</list>
  		</property>
	</bean>
 <bean id="transactionManager" class="org.springframework.orm.jpa.JpaTransactionManager">
		<property name="entityManagerFactory" ref="entityManagerFactory" />
	</bean>	
	
</beans>